{"trial_id": "06", "hyperparameters": {"space": [{"class_name": "Int", "config": {"name": "units_input", "default": null, "conditions": [], "min_value": 32, "max_value": 512, "step": 32, "sampling": "linear"}}, {"class_name": "Float", "config": {"name": "dropout_rate", "default": 0.0, "conditions": [], "min_value": 0.0, "max_value": 0.5, "step": 0.1, "sampling": "linear"}}, {"class_name": "Int", "config": {"name": "num_layers", "default": null, "conditions": [], "min_value": 1, "max_value": 3, "step": 1, "sampling": "linear"}}, {"class_name": "Int", "config": {"name": "units_0", "default": null, "conditions": [], "min_value": 32, "max_value": 512, "step": 32, "sampling": "linear"}}, {"class_name": "Float", "config": {"name": "dropout_rate_0", "default": 0.0, "conditions": [], "min_value": 0.0, "max_value": 0.5, "step": 0.1, "sampling": "linear"}}, {"class_name": "Float", "config": {"name": "learning_rate", "default": 0.0001, "conditions": [], "min_value": 0.0001, "max_value": 0.01, "step": null, "sampling": "log"}}, {"class_name": "Int", "config": {"name": "units_1", "default": null, "conditions": [], "min_value": 32, "max_value": 512, "step": 32, "sampling": "linear"}}, {"class_name": "Float", "config": {"name": "dropout_rate_1", "default": 0.0, "conditions": [], "min_value": 0.0, "max_value": 0.5, "step": 0.1, "sampling": "linear"}}], "values": {"units_input": 128, "dropout_rate": 0.4, "num_layers": 1, "units_0": 32, "dropout_rate_0": 0.2, "learning_rate": 0.0005537152391200712, "units_1": 224, "dropout_rate_1": 0.4}}, "metrics": {"metrics": {"loss": {"direction": "min", "observations": [{"value": [0.35718169808387756], "step": 30}]}, "accuracy": {"direction": "max", "observations": [{"value": [0.8525000214576721], "step": 30}]}, "val_loss": {"direction": "min", "observations": [{"value": [0.3487381637096405], "step": 30}]}, "val_accuracy": {"direction": "max", "observations": [{"value": [0.862500011920929], "step": 30}]}}}, "score": 0.862500011920929, "best_step": 30, "status": "COMPLETED", "message": null}