{"trial_id": "00", "hyperparameters": {"space": [{"class_name": "Int", "config": {"name": "units_input", "default": null, "conditions": [], "min_value": 32, "max_value": 512, "step": 32, "sampling": "linear"}}, {"class_name": "Float", "config": {"name": "dropout_rate", "default": 0.0, "conditions": [], "min_value": 0.0, "max_value": 0.5, "step": 0.1, "sampling": "linear"}}, {"class_name": "Int", "config": {"name": "num_layers", "default": null, "conditions": [], "min_value": 1, "max_value": 3, "step": 1, "sampling": "linear"}}, {"class_name": "Int", "config": {"name": "units_0", "default": null, "conditions": [], "min_value": 32, "max_value": 512, "step": 32, "sampling": "linear"}}, {"class_name": "Float", "config": {"name": "dropout_rate_0", "default": 0.0, "conditions": [], "min_value": 0.0, "max_value": 0.5, "step": 0.1, "sampling": "linear"}}, {"class_name": "Float", "config": {"name": "learning_rate", "default": 0.0001, "conditions": [], "min_value": 0.0001, "max_value": 0.01, "step": null, "sampling": "log"}}, {"class_name": "Int", "config": {"name": "units_1", "default": null, "conditions": [], "min_value": 32, "max_value": 512, "step": 32, "sampling": "linear"}}, {"class_name": "Float", "config": {"name": "dropout_rate_1", "default": 0.0, "conditions": [], "min_value": 0.0, "max_value": 0.5, "step": 0.1, "sampling": "linear"}}], "values": {"units_input": 320, "dropout_rate": 0.1, "num_layers": 2, "units_0": 224, "dropout_rate_0": 0.1, "learning_rate": 0.00013623270793251374, "units_1": 32, "dropout_rate_1": 0.0}}, "metrics": {"metrics": {"loss": {"direction": "min", "observations": [{"value": [0.34717994928359985], "step": 15}]}, "accuracy": {"direction": "max", "observations": [{"value": [0.8573750257492065], "step": 15}]}, "val_loss": {"direction": "min", "observations": [{"value": [0.35340258479118347], "step": 15}]}, "val_accuracy": {"direction": "max", "observations": [{"value": [0.8615000247955322], "step": 15}]}}}, "score": 0.8615000247955322, "best_step": 15, "status": "COMPLETED", "message": null}