{"trial_id": "07", "hyperparameters": {"space": [{"class_name": "Int", "config": {"name": "units_input", "default": null, "conditions": [], "min_value": 32, "max_value": 512, "step": 32, "sampling": "linear"}}, {"class_name": "Float", "config": {"name": "dropout_rate", "default": 0.0, "conditions": [], "min_value": 0.0, "max_value": 0.5, "step": 0.1, "sampling": "linear"}}, {"class_name": "Int", "config": {"name": "num_layers", "default": null, "conditions": [], "min_value": 1, "max_value": 3, "step": 1, "sampling": "linear"}}, {"class_name": "Int", "config": {"name": "units_0", "default": null, "conditions": [], "min_value": 32, "max_value": 512, "step": 32, "sampling": "linear"}}, {"class_name": "Float", "config": {"name": "dropout_rate_0", "default": 0.0, "conditions": [], "min_value": 0.0, "max_value": 0.5, "step": 0.1, "sampling": "linear"}}, {"class_name": "Float", "config": {"name": "learning_rate", "default": 0.0001, "conditions": [], "min_value": 0.0001, "max_value": 0.01, "step": null, "sampling": "log"}}, {"class_name": "Int", "config": {"name": "units_1", "default": null, "conditions": [], "min_value": 32, "max_value": 512, "step": 32, "sampling": "linear"}}, {"class_name": "Float", "config": {"name": "dropout_rate_1", "default": 0.0, "conditions": [], "min_value": 0.0, "max_value": 0.5, "step": 0.1, "sampling": "linear"}}], "values": {"units_input": 64, "dropout_rate": 0.4, "num_layers": 2, "units_0": 288, "dropout_rate_0": 0.0, "learning_rate": 0.0005132394752741269, "units_1": 192, "dropout_rate_1": 0.4}}, "metrics": {"metrics": {"loss": {"direction": "min", "observations": [{"value": [0.3725363612174988], "step": 8}]}, "accuracy": {"direction": "max", "observations": [{"value": [0.8458750247955322], "step": 8}]}, "val_loss": {"direction": "min", "observations": [{"value": [0.3538987636566162], "step": 8}]}, "val_accuracy": {"direction": "max", "observations": [{"value": [0.862500011920929], "step": 8}]}}}, "score": 0.862500011920929, "best_step": 8, "status": "COMPLETED", "message": null}