{"trial_id": "08", "hyperparameters": {"space": [{"class_name": "Int", "config": {"name": "units_input", "default": null, "conditions": [], "min_value": 32, "max_value": 512, "step": 32, "sampling": "linear"}}, {"class_name": "Float", "config": {"name": "dropout_rate", "default": 0.0, "conditions": [], "min_value": 0.0, "max_value": 0.5, "step": 0.1, "sampling": "linear"}}, {"class_name": "Int", "config": {"name": "num_layers", "default": null, "conditions": [], "min_value": 1, "max_value": 3, "step": 1, "sampling": "linear"}}, {"class_name": "Int", "config": {"name": "units_0", "default": null, "conditions": [], "min_value": 32, "max_value": 512, "step": 32, "sampling": "linear"}}, {"class_name": "Float", "config": {"name": "dropout_rate_0", "default": 0.0, "conditions": [], "min_value": 0.0, "max_value": 0.5, "step": 0.1, "sampling": "linear"}}, {"class_name": "Float", "config": {"name": "learning_rate", "default": 0.0001, "conditions": [], "min_value": 0.0001, "max_value": 0.01, "step": null, "sampling": "log"}}, {"class_name": "Int", "config": {"name": "units_1", "default": null, "conditions": [], "min_value": 32, "max_value": 512, "step": 32, "sampling": "linear"}}, {"class_name": "Float", "config": {"name": "dropout_rate_1", "default": 0.0, "conditions": [], "min_value": 0.0, "max_value": 0.5, "step": 0.1, "sampling": "linear"}}], "values": {"units_input": 416, "dropout_rate": 0.4, "num_layers": 1, "units_0": 96, "dropout_rate_0": 0.1, "learning_rate": 0.00034851460889781614, "units_1": 32, "dropout_rate_1": 0.1}}, "metrics": {"metrics": {"loss": {"direction": "min", "observations": [{"value": [0.35238394141197205], "step": 16}]}, "accuracy": {"direction": "max", "observations": [{"value": [0.8558750152587891], "step": 16}]}, "val_loss": {"direction": "min", "observations": [{"value": [0.350357323884964], "step": 16}]}, "val_accuracy": {"direction": "max", "observations": [{"value": [0.8604999780654907], "step": 16}]}}}, "score": 0.8604999780654907, "best_step": 16, "status": "COMPLETED", "message": null}