{"ongoing_trials": {}, "hyperparameters": {"space": [{"class_name": "Int", "config": {"name": "units_input", "default": null, "conditions": [], "min_value": 32, "max_value": 512, "step": 32, "sampling": "linear"}}, {"class_name": "Float", "config": {"name": "dropout_rate", "default": 0.0, "conditions": [], "min_value": 0.0, "max_value": 0.5, "step": 0.1, "sampling": "linear"}}, {"class_name": "Int", "config": {"name": "num_layers", "default": null, "conditions": [], "min_value": 1, "max_value": 3, "step": 1, "sampling": "linear"}}, {"class_name": "Int", "config": {"name": "units_0", "default": null, "conditions": [], "min_value": 32, "max_value": 512, "step": 32, "sampling": "linear"}}, {"class_name": "Float", "config": {"name": "dropout_rate_0", "default": 0.0, "conditions": [], "min_value": 0.0, "max_value": 0.5, "step": 0.1, "sampling": "linear"}}, {"class_name": "Float", "config": {"name": "learning_rate", "default": 0.0001, "conditions": [], "min_value": 0.0001, "max_value": 0.01, "step": null, "sampling": "log"}}, {"class_name": "Int", "config": {"name": "units_1", "default": null, "conditions": [], "min_value": 32, "max_value": 512, "step": 32, "sampling": "linear"}}, {"class_name": "Float", "config": {"name": "dropout_rate_1", "default": 0.0, "conditions": [], "min_value": 0.0, "max_value": 0.5, "step": 0.1, "sampling": "linear"}}], "values": {"units_input": 32, "dropout_rate": 0.0, "num_layers": 1, "units_0": 32, "dropout_rate_0": 0.0, "learning_rate": 0.0001, "units_1": 32, "dropout_rate_1": 0.0}}, "start_order": ["00", "01", "02", "03", "04", "05", "06", "07", "08", "09"], "end_order": ["00", "01", "02", "03", "04", "05", "06", "07", "08", "09"], "run_times": {"00": 1, "01": 1, "02": 1, "03": 1, "04": 1, "05": 1, "06": 1, "07": 1, "08": 1, "09": 1}, "retry_queue": [], "seed": 8695, "seed_state": 8773, "tried_so_far": ["f14ce3dc89f6fb31d1bded7edc462b11", "52b899e7de68a5a300f6be2494a45342", "aa7af19b0edd7bb610dacbbd24835304", "587b22a938601e7a11cbc8c2ddb16919", "1a9affb3b77fceba273643944ce9baf6", "55653f451b491f555e97754852f6a8b0", "8cc6b6ae24b28f8a06d8be259dccb92d", "0058a07703facf0a0b6ba2ff7e196e63", "35d517fc6f9610780569988131895360", "ef7749adcf536dc156661bf947ff7ca3"], "id_to_hash": {"00": "aa7af19b0edd7bb610dacbbd24835304", "01": "35d517fc6f9610780569988131895360", "02": "52b899e7de68a5a300f6be2494a45342", "03": "8cc6b6ae24b28f8a06d8be259dccb92d", "04": "ef7749adcf536dc156661bf947ff7ca3", "05": "1a9affb3b77fceba273643944ce9baf6", "06": "0058a07703facf0a0b6ba2ff7e196e63", "07": "f14ce3dc89f6fb31d1bded7edc462b11", "08": "587b22a938601e7a11cbc8c2ddb16919", "09": "55653f451b491f555e97754852f6a8b0"}, "display": {"search_start": "2024-09-28T15:08:04.122717", "trial_start": {"00": "2024-09-28T15:08:04.122717", "01": "2024-09-28T15:08:21.572819", "02": "2024-09-28T15:08:31.147625", "03": "2024-09-28T15:08:44.344015", "04": "2024-09-28T15:09:04.701540", "05": "2024-09-28T15:09:18.699568", "06": "2024-09-28T15:09:33.847959", "07": "2024-09-28T15:09:51.280188", "08": "2024-09-28T15:10:05.396013", "09": "2024-09-28T15:10:24.340371"}, "trial_number": {"00": 1, "01": 2, "02": 3, "03": 4, "04": 5, "05": 6, "06": 7, "07": 8, "08": 9, "09": 10}}}