{"trial_id": "03", "hyperparameters": {"space": [{"class_name": "Int", "config": {"name": "units_input", "default": null, "conditions": [], "min_value": 32, "max_value": 512, "step": 32, "sampling": "linear"}}, {"class_name": "Float", "config": {"name": "dropout_rate", "default": 0.0, "conditions": [], "min_value": 0.0, "max_value": 0.5, "step": 0.1, "sampling": "linear"}}, {"class_name": "Int", "config": {"name": "num_layers", "default": null, "conditions": [], "min_value": 1, "max_value": 3, "step": 1, "sampling": "linear"}}, {"class_name": "Int", "config": {"name": "units_0", "default": null, "conditions": [], "min_value": 32, "max_value": 512, "step": 32, "sampling": "linear"}}, {"class_name": "Float", "config": {"name": "dropout_rate_0", "default": 0.0, "conditions": [], "min_value": 0.0, "max_value": 0.5, "step": 0.1, "sampling": "linear"}}, {"class_name": "Float", "config": {"name": "learning_rate", "default": 0.0001, "conditions": [], "min_value": 0.0001, "max_value": 0.01, "step": null, "sampling": "log"}}, {"class_name": "Int", "config": {"name": "units_1", "default": null, "conditions": [], "min_value": 32, "max_value": 512, "step": 32, "sampling": "linear"}}, {"class_name": "Float", "config": {"name": "dropout_rate_1", "default": 0.0, "conditions": [], "min_value": 0.0, "max_value": 0.5, "step": 0.1, "sampling": "linear"}}], "values": {"units_input": 32, "dropout_rate": 0.2, "num_layers": 1, "units_0": 128, "dropout_rate_0": 0.4, "learning_rate": 0.0002200864996908048, "units_1": 384, "dropout_rate_1": 0.1}}, "metrics": {"metrics": {"loss": {"direction": "min", "observations": [{"value": [0.37274429202079773], "step": 42}]}, "accuracy": {"direction": "max", "observations": [{"value": [0.8451250195503235], "step": 42}]}, "val_loss": {"direction": "min", "observations": [{"value": [0.3558982014656067], "step": 42}]}, "val_accuracy": {"direction": "max", "observations": [{"value": [0.859499990940094], "step": 42}]}}}, "score": 0.859499990940094, "best_step": 42, "status": "COMPLETED", "message": null}