{"trial_id": "05", "hyperparameters": {"space": [{"class_name": "Int", "config": {"name": "units_input", "default": null, "conditions": [], "min_value": 32, "max_value": 512, "step": 32, "sampling": "linear"}}, {"class_name": "Float", "config": {"name": "dropout_rate", "default": 0.0, "conditions": [], "min_value": 0.0, "max_value": 0.5, "step": 0.1, "sampling": "linear"}}, {"class_name": "Int", "config": {"name": "num_layers", "default": null, "conditions": [], "min_value": 1, "max_value": 3, "step": 1, "sampling": "linear"}}, {"class_name": "Int", "config": {"name": "units_0", "default": null, "conditions": [], "min_value": 32, "max_value": 512, "step": 32, "sampling": "linear"}}, {"class_name": "Float", "config": {"name": "dropout_rate_0", "default": 0.0, "conditions": [], "min_value": 0.0, "max_value": 0.5, "step": 0.1, "sampling": "linear"}}, {"class_name": "Float", "config": {"name": "learning_rate", "default": 0.0001, "conditions": [], "min_value": 0.0001, "max_value": 0.01, "step": null, "sampling": "log"}}, {"class_name": "Int", "config": {"name": "units_1", "default": null, "conditions": [], "min_value": 32, "max_value": 512, "step": 32, "sampling": "linear"}}, {"class_name": "Float", "config": {"name": "dropout_rate_1", "default": 0.0, "conditions": [], "min_value": 0.0, "max_value": 0.5, "step": 0.1, "sampling": "linear"}}], "values": {"units_input": 448, "dropout_rate": 0.30000000000000004, "num_layers": 1, "units_0": 288, "dropout_rate_0": 0.4, "learning_rate": 0.006843594197752182, "units_1": 160, "dropout_rate_1": 0.30000000000000004}}, "metrics": {"metrics": {"loss": {"direction": "min", "observations": [{"value": [0.37796100974082947], "step": 1}]}, "accuracy": {"direction": "max", "observations": [{"value": [0.8485000133514404], "step": 1}]}, "val_loss": {"direction": "min", "observations": [{"value": [0.35453763604164124], "step": 1}]}, "val_accuracy": {"direction": "max", "observations": [{"value": [0.8600000143051147], "step": 1}]}}}, "score": 0.8600000143051147, "best_step": 1, "status": "COMPLETED", "message": null}