{"trial_id": "01", "hyperparameters": {"space": [{"class_name": "Int", "config": {"name": "units_input", "default": null, "conditions": [], "min_value": 32, "max_value": 512, "step": 32, "sampling": "linear"}}, {"class_name": "Float", "config": {"name": "dropout_rate", "default": 0.0, "conditions": [], "min_value": 0.0, "max_value": 0.5, "step": 0.1, "sampling": "linear"}}, {"class_name": "Int", "config": {"name": "num_layers", "default": null, "conditions": [], "min_value": 1, "max_value": 3, "step": 1, "sampling": "linear"}}, {"class_name": "Int", "config": {"name": "units_0", "default": null, "conditions": [], "min_value": 32, "max_value": 512, "step": 32, "sampling": "linear"}}, {"class_name": "Float", "config": {"name": "dropout_rate_0", "default": 0.0, "conditions": [], "min_value": 0.0, "max_value": 0.5, "step": 0.1, "sampling": "linear"}}, {"class_name": "Float", "config": {"name": "learning_rate", "default": 0.0001, "conditions": [], "min_value": 0.0001, "max_value": 0.01, "step": null, "sampling": "log"}}, {"class_name": "Int", "config": {"name": "units_1", "default": null, "conditions": [], "min_value": 32, "max_value": 512, "step": 32, "sampling": "linear"}}, {"class_name": "Float", "config": {"name": "dropout_rate_1", "default": 0.0, "conditions": [], "min_value": 0.0, "max_value": 0.5, "step": 0.1, "sampling": "linear"}}], "values": {"units_input": 96, "dropout_rate": 0.0, "num_layers": 1, "units_0": 32, "dropout_rate_0": 0.0, "learning_rate": 0.006489108709865806, "units_1": 192, "dropout_rate_1": 0.2}}, "metrics": {"metrics": {"loss": {"direction": "min", "observations": [{"value": [0.3431895077228546], "step": 9}]}, "accuracy": {"direction": "max", "observations": [{"value": [0.8569999933242798], "step": 9}]}, "val_loss": {"direction": "min", "observations": [{"value": [0.3536415994167328], "step": 9}]}, "val_accuracy": {"direction": "max", "observations": [{"value": [0.859000027179718], "step": 9}]}}}, "score": 0.859000027179718, "best_step": 9, "status": "COMPLETED", "message": null}